{
  "memory_type": "filesystem",
  "filesystem_enabled": false,
  "num_questions": 50,
  "accuracy": 0.26,
  "avg_time_seconds": 2.2444924974441527,
  "avg_tokens": 2694.84,
  "total_cost_usd": 0.35583750000000003,
  "avg_iterations": 2.82,
  "timestamp": "20260122_162228"
}